City_ID,City,Country,Date,Lat,Lng,Max Temp,Humidity,Cloudiness,Wind Speed
0,Shimanovsk,RU,2021-12-11 20:49:55,52.0,127.7,7.2,92,100,8.66
1,Anadyr,RU,2021-12-11 20:49:55,64.75,177.4833,-23.3,69,0,8.95
2,Rikitea,PF,2021-12-11 20:49:19,-23.1203,-134.9692,75.94,75,90,16.53
3,Khatanga,RU,2021-12-11 20:49:56,71.9667,102.5,-43.4,100,59,4.45
4,Arraial Do Cabo,BR,2021-12-11 20:49:56,-22.9661,-42.0278,82.36,78,0,11.5
5,Kruisfontein,ZA,2021-12-11 20:49:56,-34.0033,24.7314,63.88,68,100,2.64
6,Tiznit,MA,2021-12-11 20:49:57,29.5833,-9.5,59.83,36,0,2.35
7,George,ZA,2021-12-11 20:48:59,-33.963,22.4617,62.15,82,75,2.3
8,Butaritari,KI,2021-12-11 20:49:57,3.0707,172.7902,82.58,74,100,17.07
9,Cherskiy,RU,2021-12-11 20:49:57,68.75,161.3,-45.0,100,41,4.25
10,Manokwari,ID,2021-12-11 20:49:58,-0.8667,134.0833,78.84,80,100,4.54
11,Dzyhivka,UA,2021-12-11 20:49:58,48.359,28.3158,45.88,90,100,4.88
12,Onalaska,US,2021-12-11 20:46:13,43.8844,-91.2351,35.46,59,1,13.8
13,Alvaro Obregon,MX,2021-12-11 20:49:58,19.3733,-99.225,70.97,21,60,8.01
14,Cangzhou,CN,2021-12-11 20:49:59,38.3167,116.8667,33.55,30,91,12.84
15,Sawakin,SD,2021-12-11 20:49:59,19.1059,37.3321,80.49,70,15,10.54
16,Punta Arenas,CL,2021-12-11 20:45:34,-53.15,-70.9167,57.31,58,75,6.91
17,Padang,ID,2021-12-11 20:50:00,-0.9492,100.3543,77.07,87,96,4.43
18,Albany,US,2021-12-11 20:48:39,42.6001,-73.9662,59.81,91,100,10.63
19,Barrow,US,2021-12-11 20:50:00,71.2906,-156.7887,-0.38,71,75,11.5
20,Carutapera,BR,2021-12-11 20:50:00,-1.195,-46.02,80.91,78,33,8.5
21,Ushuaia,AR,2021-12-11 20:49:23,-54.8,-68.3,62.26,45,40,3.44
22,Mahebourg,MU,2021-12-11 20:50:01,-20.4081,57.7,79.25,78,40,10.36
23,Homer,US,2021-12-11 20:50:01,59.6425,-151.5483,21.07,74,75,5.75
24,Araouane,ML,2021-12-11 20:50:02,18.9048,-3.5265,70.77,7,28,9.51
25,Port Hardy,CA,2021-12-11 20:50:02,50.6996,-127.4199,41.76,87,90,4.61
26,Trebisov,SK,2021-12-11 20:50:02,48.6286,21.7195,36.99,83,100,17.34
27,Codrington,AU,2021-12-11 20:50:03,-38.2667,141.9667,54.84,75,21,11.99
28,Chuy,UY,2021-12-11 20:50:03,-33.6971,-53.4616,69.55,65,2,10.47
29,Taltal,CL,2021-12-11 20:48:10,-25.4,-70.4833,65.88,67,7,7.18
30,Tasiilaq,GL,2021-12-11 20:50:03,65.6145,-37.6368,37.99,63,100,37.85
31,Luganville,VU,2021-12-11 20:50:04,-15.5333,167.1667,82.78,79,93,5.17
32,Hami,CN,2021-12-11 20:50:04,42.8,93.45,21.42,46,0,3.18
33,Nome,US,2021-12-11 20:50:04,64.5011,-165.4064,-7.53,77,40,16.11
34,Hilo,US,2021-12-11 20:50:05,19.7297,-155.09,79.61,50,90,5.75
35,Tiksi,RU,2021-12-11 20:50:05,71.6872,128.8694,-12.87,98,100,4.52
36,Saint-Philippe,RE,2021-12-11 20:50:05,-21.3585,55.7679,78.35,81,86,11.43
37,Mataura,NZ,2021-12-11 20:50:06,-46.1927,168.8643,52.48,48,41,3.2
38,Myrtle Beach,US,2021-12-11 20:47:44,33.6891,-78.8867,79.18,81,1,14.97
39,Kapaa,US,2021-12-11 20:50:06,22.0752,-159.319,79.12,73,75,5.01
40,Cape Town,ZA,2021-12-11 20:46:55,-33.9258,18.4232,65.08,76,20,10.36
41,Puerto Ayora,EC,2021-12-11 20:50:07,-0.7393,-90.3518,78.76,87,100,8.32
42,Najran,SA,2021-12-11 20:50:07,17.4924,44.1277,52.45,51,7,0.38
43,Ambilobe,MG,2021-12-11 20:50:07,-13.2,49.05,73.47,72,65,4.45
44,Busselton,AU,2021-12-11 20:50:08,-33.65,115.3333,56.08,82,63,14.09
45,Carnarvon,AU,2021-12-11 20:50:08,-24.8667,113.6333,68.07,73,40,17.27
46,Ugoofaaru,MV,2021-12-11 20:51:08,5.6667,73.0,81.68,75,97,10.92
47,Kaeo,NZ,2021-12-11 20:51:09,-35.1,173.7833,71.33,96,100,5.86
48,Kushmurun,KZ,2021-12-11 20:51:09,52.4503,64.6311,13.86,83,100,17.74
49,Atuona,PF,2021-12-11 20:51:09,-9.8,-139.0333,79.12,72,62,18.16
50,Mersin,TR,2021-12-11 20:47:43,36.862,34.6509,52.95,57,8,8.34
51,Bondoukou,CI,2021-12-11 20:51:10,8.0333,-2.8,79.21,19,80,1.97
52,Lucea,JM,2021-12-11 20:51:10,18.451,-78.1736,84.06,73,16,11.88
53,Dikson,RU,2021-12-11 20:51:10,73.5069,80.5464,-15.07,82,100,6.2
54,Santo Angelo,BR,2021-12-11 20:50:16,-28.2992,-54.2631,83.3,42,100,7.02
55,Nantucket,US,2021-12-11 20:51:11,41.2835,-70.0995,61.14,91,90,26.46
56,New Norfolk,AU,2021-12-11 20:51:11,-42.7826,147.0587,52.92,63,17,2.19
57,Bayir,TR,2021-12-11 20:51:11,37.2687,28.2167,59.52,90,99,18.01
58,Qasigiannguit,GL,2021-12-11 20:51:12,68.8193,-51.1922,10.11,81,100,5.82
59,Tuktoyaktuk,CA,2021-12-11 20:51:12,69.4541,-133.0374,-2.2,84,90,9.22
60,Hermanus,ZA,2021-12-11 20:51:12,-34.4187,19.2345,63.9,76,88,10.33
61,Ust-Nera,RU,2021-12-11 20:51:13,64.5667,143.2,-35.99,96,78,1.5
62,Avarua,CK,2021-12-11 20:51:13,-21.2078,-159.775,80.65,74,99,12.66
63,Mar Del Plata,AR,2021-12-11 20:47:30,-38.0023,-57.5575,71.62,90,20,21.99
64,Vegreville,CA,2021-12-11 20:51:13,53.5001,-112.0518,34.5,53,3,9.22
65,Hobart,AU,2021-12-11 20:51:14,-42.8794,147.3294,53.26,72,75,5.75
66,Isangel,VU,2021-12-11 20:51:14,-19.55,169.2667,84.31,84,75,4.61
67,Vestmannaeyjar,IS,2021-12-11 20:51:14,63.4427,-20.2734,44.78,82,94,25.97
68,Upernavik,GL,2021-12-11 20:51:14,72.7868,-56.1549,3.15,92,100,9.93
69,Provideniya,RU,2021-12-11 20:51:15,64.3833,-173.3,-8.57,79,1,9.13
70,Udankudi,IN,2021-12-11 20:51:15,8.4333,78.0167,76.93,87,9,14.52
71,Manakara,MG,2021-12-11 20:51:16,-22.1333,48.0167,74.14,87,37,6.82
72,Yellowknife,CA,2021-12-11 20:46:59,62.456,-114.3525,0.41,91,75,20.71
73,Adrar,MR,2021-12-11 20:51:16,20.5022,-10.0711,68.36,16,75,10.31
74,Port Alfred,ZA,2021-12-11 20:51:16,-33.5906,26.891,69.85,89,100,6.67
75,Georgetown,MY,2021-12-11 20:48:18,5.4112,100.3354,79.9,81,20,1.99
76,Novopokrovka,UA,2021-12-11 20:51:17,49.8425,36.5477,32.38,87,98,10.31
77,East London,ZA,2021-12-11 20:51:17,-33.0153,27.9116,70.95,83,99,7.4
78,Beyneu,KZ,2021-12-11 20:51:17,45.3167,55.2,34.9,84,86,11.48
79,Chara,RU,2021-12-11 20:51:18,56.9064,118.2631,-20.47,74,76,2.39
80,Nikolskoye,RU,2021-12-11 20:51:18,59.7035,30.7861,26.49,88,100,9.71
81,Vao,NC,2021-12-11 20:51:18,-22.6667,167.4833,78.75,87,100,16.04
82,Hohhot,CN,2021-12-11 20:50:29,40.8106,111.6522,12.49,44,0,11.18
83,Olafsvik,IS,2021-12-11 20:51:19,64.8945,-23.7142,40.89,81,100,19.6
84,Palmer,US,2021-12-11 20:51:19,42.1584,-72.3287,59.27,85,100,8.01
85,Bredasdorp,ZA,2021-12-11 20:51:19,-34.5322,20.0403,60.28,69,50,3.36
86,Broken Hill,AU,2021-12-11 20:51:20,-31.95,141.4333,64.11,39,0,8.05
87,Nishihara,JP,2021-12-11 20:51:20,26.1842,127.7558,66.25,72,20,3.44
88,Bambous Virieux,MU,2021-12-11 20:51:20,-20.3428,57.7575,79.21,78,40,10.36
89,Kiunga,PG,2021-12-11 20:51:21,-6.1219,141.2906,73.98,100,100,3.27
90,Miraflores,MX,2021-12-11 20:51:21,19.2167,-98.8083,72.03,21,60,3.56
91,Ariquemes,BR,2021-12-11 20:51:21,-9.9133,-63.0408,80.89,87,96,3.8
92,Sembe,CG,2021-12-11 20:52:22,1.6481,14.5806,77.86,54,100,0.31
93,San Patricio,US,2021-12-11 20:52:22,28.017,-97.5169,64.38,29,98,18.9
94,Port Victoria,KE,2021-12-11 20:52:22,0.0939,33.9756,73.38,67,58,5.06
95,Havre-Saint-Pierre,CA,2021-12-11 20:52:23,50.2334,-63.5986,25.39,79,90,8.05
96,Sur,OM,2021-12-11 20:52:23,22.5667,59.5289,69.44,62,0,3.24
97,Witu,KE,2021-12-11 20:52:23,-2.3889,40.4382,80.76,84,22,7.54
98,Alofi,NU,2021-12-11 20:52:24,-19.0595,-169.9187,82.29,61,75,2.3
99,Baykit,RU,2021-12-11 20:52:24,61.67,96.37,-0.45,100,99,0.87
100,Margate,GB,2021-12-11 20:52:24,51.3813,1.3862,49.96,89,100,1.99
101,Talaya,RU,2021-12-11 20:52:25,61.3833,152.75,-26.1,100,100,0.04
102,Bud,US,2021-12-11 20:52:25,39.447,-86.1758,39.15,72,70,19.1
103,Mounana,GA,2021-12-11 20:52:25,-1.4085,13.1586,71.64,97,100,2.86
104,Vaini,TO,2021-12-11 20:52:25,-21.2,-175.2,82.56,83,40,5.75
105,Lavrentiya,RU,2021-12-11 20:52:26,65.5833,-171.0,-14.73,85,12,8.25
106,Matay,EG,2021-12-11 20:52:26,28.419,30.7792,64.45,42,100,6.64
107,Saskylakh,RU,2021-12-11 20:52:26,71.9167,114.0833,-40.72,100,99,2.06
108,Novikovo,RU,2021-12-11 20:52:27,51.1537,37.8879,29.71,86,43,9.22
109,Fortuna,US,2021-12-11 20:48:04,40.5982,-124.1573,48.92,76,75,7.0
110,Pisco,PE,2021-12-11 20:52:27,-13.7,-76.2167,73.45,68,0,17.27
111,Verkhnevilyuysk,RU,2021-12-11 20:52:27,63.4453,120.3167,-25.82,98,95,4.34
112,Susehri,TR,2021-12-11 20:52:28,40.1644,38.0867,41.18,54,73,3.96
113,Port Macquarie,AU,2021-12-11 20:51:11,-31.4333,152.9167,69.89,72,78,10.92
114,Salihorsk,BY,2021-12-11 20:52:28,52.7876,27.5415,38.16,97,100,7.65
115,Tacuati,PY,2021-12-11 20:52:28,-23.45,-56.5833,91.58,29,100,1.74
116,Bluff,NZ,2021-12-11 20:52:29,-46.6,168.3333,52.81,57,60,5.17
117,Tuatapere,NZ,2021-12-11 20:52:29,-46.1333,167.6833,52.83,51,9,5.75
118,Dom Pedrito,BR,2021-12-11 20:52:29,-30.9828,-54.6731,86.85,29,25,9.19
119,Northam,GB,2021-12-11 20:52:30,51.0333,-4.2167,53.42,97,100,17.13
120,Harer,ET,2021-12-11 20:52:30,9.3094,42.1258,53.38,77,7,5.5
121,Cabo San Lucas,MX,2021-12-11 20:52:30,22.8909,-109.9124,79.52,63,53,7.0
122,Hithadhoo,MV,2021-12-11 20:52:30,-0.6,73.0833,80.73,79,31,7.2
123,Poco Verde,BR,2021-12-11 20:52:12,-10.7083,-38.1833,79.99,61,14,14.52
124,Avera,US,2021-12-11 20:52:31,33.194,-82.5271,76.66,67,100,16.22
125,Ereymentau,KZ,2021-12-11 20:52:31,51.6199,73.1033,13.28,90,100,2.91
126,Ponta Do Sol,PT,2021-12-11 20:52:31,32.6667,-17.1,65.03,76,55,5.55
127,Severo-Kurilsk,RU,2021-12-11 20:52:32,50.6789,156.125,33.06,97,100,17.56
128,Pangnirtung,CA,2021-12-11 20:52:32,66.1451,-65.7125,-4.0,84,40,2.3
129,Mount Gambier,AU,2021-12-11 20:52:32,-37.8333,140.7667,51.71,87,14,8.05
130,Jamestown,US,2021-12-11 20:47:36,42.097,-79.2353,63.72,92,90,13.0
131,Constitucion,CL,2021-12-11 20:52:33,-35.3333,-72.4167,60.71,73,24,11.81
132,Cayenne,GF,2021-12-11 20:52:33,4.9333,-52.3333,79.09,89,75,5.99
133,Kaitangata,NZ,2021-12-11 20:52:33,-46.2817,169.8464,53.92,53,64,2.33
134,Lata,PT,2021-12-11 20:52:34,40.1629,-8.3327,53.35,95,18,2.53
135,Sholapur,IN,2021-12-11 20:52:34,17.6833,75.9167,73.65,52,99,11.23
136,Carmelo,UY,2021-12-11 20:51:12,-33.9892,-58.2856,87.21,36,19,7.58
137,Portland,US,2021-12-11 20:50:55,45.5234,-122.6762,49.86,93,90,3.0
138,San Cristobal,VE,2021-12-11 20:52:35,7.7669,-72.225,77.18,61,36,4.07
139,Loa Janan,ID,2021-12-11 20:53:35,-0.583,117.095,74.01,98,100,1.39
140,Anloga,GH,2021-12-11 20:53:35,5.7947,0.8973,84.42,80,98,10.67
141,Port Elizabeth,ZA,2021-12-11 20:53:36,-33.918,25.5701,66.09,79,100,5.66
142,Boa Vista,BR,2021-12-11 20:53:36,2.8197,-60.6733,80.58,78,75,2.3
143,Bodden Town,KY,2021-12-11 20:53:36,19.2833,-81.25,86.0,69,40,7.0
144,Qaanaaq,GL,2021-12-11 20:53:37,77.484,-69.3632,-3.26,64,13,7.27
145,Ostrovnoy,RU,2021-12-11 20:53:37,68.0531,39.5131,24.15,92,97,18.3
146,Vilhena,BR,2021-12-11 20:53:37,-12.7406,-60.1458,77.22,94,75,6.91
147,Rocha,UY,2021-12-11 20:53:38,-34.4833,-54.3333,72.81,57,16,11.41
148,Beloha,MG,2021-12-11 20:53:38,-25.1667,45.05,77.97,70,77,5.7
149,Nanortalik,GL,2021-12-11 20:53:38,60.1432,-45.2371,27.19,80,100,24.94
150,Katsuura,JP,2021-12-11 20:53:39,35.1333,140.3,55.18,67,55,11.65
151,Shimoda,JP,2021-12-11 20:53:39,34.6667,138.95,47.1,79,15,11.59
152,Vieques,PR,2021-12-11 20:53:39,18.425,-65.8329,83.62,65,40,18.41
153,Bairnsdale,AU,2021-12-11 20:53:39,-37.8333,147.6167,57.7,92,43,1.99
154,Valparaiso,CL,2021-12-11 20:53:40,-33.0393,-71.6273,68.23,66,40,8.05
155,Rimavska Sobota,SK,2021-12-11 20:53:40,48.3828,20.0224,32.09,87,100,4.45
156,Ribeira Grande,PT,2021-12-11 20:53:40,38.5167,-28.7,66.6,82,75,25.32
157,Englewood,US,2021-12-11 20:52:40,39.6478,-104.9878,52.34,24,40,3.0
158,Esperance,AU,2021-12-11 20:53:41,-33.8667,121.9,53.44,76,38,11.32
159,Skibbereen,IE,2021-12-11 20:53:41,51.55,-9.2667,53.4,97,100,18.07
160,Monroe,US,2021-12-11 20:51:56,43.1501,-77.6831,64.78,88,90,19.57
161,Nanlong,CN,2021-12-11 20:53:41,31.3533,106.0631,47.44,77,98,3.22
162,Ambon,ID,2021-12-11 20:53:42,-3.6954,128.1814,77.14,94,40,10.36
163,Aklavik,CA,2021-12-11 20:53:42,68.2191,-135.0107,-0.4,78,90,17.27
164,Taseyevo,RU,2021-12-11 20:53:42,57.2169,94.8978,24.48,88,100,8.66
165,Atambua,ID,2021-12-11 20:53:43,-9.1061,124.8925,75.07,85,85,2.73
166,Vaitape,PF,2021-12-11 20:53:43,-16.5167,-151.75,80.8,72,11,11.5
167,Kroya,ID,2021-12-11 20:53:43,-7.6331,109.2461,77.2,88,100,2.08
168,Zhigansk,RU,2021-12-11 20:53:44,66.7697,123.3711,-8.91,97,100,9.13
169,Yar-Sale,RU,2021-12-11 20:53:44,66.8333,70.8333,-5.57,100,78,3.91
170,Taruma,BR,2021-12-11 20:53:44,-22.7467,-50.5772,87.44,27,100,3.4
171,Nueve De Julio,AR,2021-12-11 20:53:45,-35.4444,-60.8831,88.47,32,13,3.29
172,Coquimbo,CL,2021-12-11 20:53:45,-29.9533,-71.3436,67.73,59,0,13.8
173,Mbaiki,CF,2021-12-11 20:53:45,3.8678,17.9892,76.93,38,100,0.49
174,Nordhausen,DE,2021-12-11 20:53:45,51.5167,10.8,35.65,97,34,4.29
175,Los Llanos De Aridane,ES,2021-12-11 20:53:46,28.6585,-17.9182,62.35,75,75,8.99
176,Mouila,GA,2021-12-11 20:53:46,-1.8685,11.0559,74.84,98,100,0.56
177,Cuamba,MZ,2021-12-11 20:53:46,-14.8031,36.5372,76.14,34,8,5.41
178,Nalut,LY,2021-12-11 20:53:47,30.3333,10.85,51.24,64,0,8.57
179,Menomonie,US,2021-12-11 20:51:44,44.8755,-91.9193,33.84,60,8,16.11
180,Butte,US,2021-12-11 20:53:47,39.6499,-121.5677,54.09,67,100,6.89
181,Yulara,AU,2021-12-11 20:51:01,-25.2406,130.9889,75.04,25,90,8.05
182,Nokaneng,BW,2021-12-11 20:53:47,-19.6667,22.2667,73.9,68,78,7.96
183,Zhumadian,CN,2021-12-11 20:53:48,32.9794,114.0294,43.25,77,97,4.99
184,San Juan,AR,2021-12-11 20:54:43,-31.5375,-68.5364,94.78,16,0,14.25
185,Thompson,CA,2021-12-11 20:50:36,55.7435,-97.8558,-2.04,71,1,8.05
186,Klaksvik,FO,2021-12-11 20:54:48,62.2266,-6.589,45.52,79,78,23.89
187,Bandarbeyla,SO,2021-12-11 20:54:48,9.4942,50.8122,77.0,80,36,22.48
188,Beringovskiy,RU,2021-12-11 20:54:49,63.05,179.3167,-22.54,97,40,5.41
189,Darhan,MN,2021-12-11 20:54:49,49.4867,105.9228,2.95,86,36,6.89
190,Dharchula,IN,2021-12-11 20:54:49,29.85,80.5333,45.37,28,7,8.99
191,Borshchiv,UA,2021-12-11 20:54:50,48.8033,26.0435,37.44,88,100,5.86
192,Kulhudhuffushi,MV,2021-12-11 20:54:50,6.6221,73.07,81.32,74,88,10.83
193,Grand-Santi,GF,2021-12-11 20:54:50,4.25,-54.3833,81.37,73,83,5.14
194,Hofn,IS,2021-12-11 20:54:51,64.2539,-15.2082,42.53,87,100,23.15
195,Karasjok,NO,2021-12-11 20:54:51,69.4719,25.5112,10.51,100,90,2.37
196,Tabuk,PH,2021-12-11 20:54:51,17.4189,121.4443,71.38,93,99,4.03
197,Nouadhibou,MR,2021-12-11 20:54:51,20.931,-17.0347,69.78,56,0,8.05
198,Yarada,IN,2021-12-11 20:54:52,17.65,83.2667,77.32,83,40,6.91
199,Wiarton,CA,2021-12-11 20:54:52,44.7407,-81.1332,42.04,75,90,27.63
200,Harper,LR,2021-12-11 20:54:52,4.375,-7.7169,80.06,81,99,9.19
201,Qaqortoq,GL,2021-12-11 20:54:53,60.7167,-46.0333,17.11,86,100,1.86
202,Ahipara,NZ,2021-12-11 20:54:53,-35.1667,173.1667,68.49,95,100,5.59
203,Ballina,AU,2021-12-11 20:54:53,-28.8667,153.5667,66.38,87,90,6.91
204,Castro,BR,2021-12-11 20:54:54,-24.7911,-50.0119,76.37,49,100,4.97
205,Necochea,AR,2021-12-11 20:54:54,-38.5473,-58.7368,68.83,82,81,13.13
206,Tura,IN,2021-12-11 20:54:54,25.5198,90.2201,55.42,56,0,3.89
207,Faanui,PF,2021-12-11 20:54:55,-16.4833,-151.75,80.82,72,11,11.5
208,Ngaoundere,CM,2021-12-11 20:54:55,7.3167,13.5833,69.08,26,36,3.65
209,Leningradskiy,RU,2021-12-11 20:54:55,69.3833,178.4167,-26.57,89,45,8.19
210,Kargasok,RU,2021-12-11 20:54:56,59.0556,80.8572,0.32,97,97,8.28
211,Clyde River,CA,2021-12-11 20:54:56,70.4692,-68.5914,-3.77,84,75,10.36
212,Loukhi,RU,2021-12-11 20:54:56,66.0764,33.0381,17.96,93,100,6.38
213,Marsh Harbour,BS,2021-12-11 20:54:56,26.5412,-77.0636,77.68,70,2,10.63
214,Ulaangom,MN,2021-12-11 20:54:57,49.9811,92.0667,-1.26,92,99,4.85
215,Lebu,CL,2021-12-11 20:54:57,-37.6167,-73.65,58.24,67,1,8.99
216,Luderitz,NA,2021-12-11 20:54:58,-26.6481,15.1594,61.03,84,0,12.33
217,Antofagasta,CL,2021-12-11 20:52:40,-23.65,-70.4,67.28,65,3,8.57
218,Viedma,AR,2021-12-11 20:54:58,-40.8135,-62.9967,78.42,48,96,6.4
219,Ngama,TD,2021-12-11 20:54:58,11.7833,17.1667,78.62,17,8,9.89
220,Acapulco,MX,2021-12-11 20:50:00,16.8634,-99.8901,84.34,66,23,7.65
221,Lake Charles,US,2021-12-11 20:54:59,30.2131,-93.2044,60.78,49,90,11.5
222,Mercedes,AR,2021-12-11 20:54:59,-34.6515,-59.4307,89.85,28,39,2.91
223,Boulder,US,2021-12-11 20:51:12,40.0833,-105.3505,47.73,22,1,1.99
224,Mandera,KE,2021-12-11 20:54:59,3.9366,41.867,83.86,31,5,7.45
225,Rustenburg,ZA,2021-12-11 20:55:00,-25.6676,27.2421,73.04,61,100,6.46
226,Villa Carlos Paz,AR,2021-12-11 20:53:26,-31.4241,-64.4978,85.89,25,52,8.01
227,Port Hedland,AU,2021-12-11 20:55:00,-20.3167,118.5667,78.85,89,40,6.91
228,Cidreira,BR,2021-12-11 20:55:00,-30.1811,-50.2056,70.59,70,6,8.88
229,Bathsheba,BB,2021-12-11 20:55:01,13.2167,-59.5167,81.21,74,40,18.41
230,Pridonskoy,RU,2021-12-11 20:56:01,51.6841,39.0727,28.96,100,90,11.18
231,Pevek,RU,2021-12-11 20:56:01,69.7008,170.3133,-32.93,100,85,6.13
232,Lundazi,ZM,2021-12-11 20:56:02,-12.2929,33.1782,69.71,55,2,7.47
233,Kudahuvadhoo,MV,2021-12-11 20:56:02,2.6708,72.8944,80.47,79,78,15.19
234,Abu Dhabi,AE,2021-12-11 20:56:02,24.4667,54.3667,73.96,66,20,5.75
235,Panguna,PG,2021-12-11 20:56:03,-6.3164,155.4848,75.81,75,94,2.51
236,Rundu,NA,2021-12-11 20:56:03,-17.9333,19.7667,70.34,75,99,3.76
237,Hobyo,SO,2021-12-11 20:56:03,5.3505,48.5268,78.48,81,12,17.65
238,Thinadhoo,MV,2021-12-11 20:56:03,0.5333,72.9333,80.92,76,57,5.79
239,Waingapu,ID,2021-12-11 20:56:04,-9.6567,120.2641,79.23,86,93,4.61
240,Mao,ES,2021-12-11 20:56:04,39.8885,4.2658,52.36,50,20,17.27
241,Bertoua,CM,2021-12-11 20:56:04,4.5833,13.6833,73.72,35,76,2.98
242,Havoysund,NO,2021-12-11 20:56:05,70.9963,24.6622,27.48,81,95,9.17
243,Izhma,RU,2021-12-11 20:56:05,65.0083,53.9113,18.64,78,100,10.18
244,Langsa,ID,2021-12-11 20:56:05,4.4683,97.9683,73.35,96,75,2.62
245,Cap-Chat,CA,2021-12-11 20:56:06,49.1001,-66.6821,28.4,93,100,12.66
246,Tabuny,RU,2021-12-11 20:56:06,52.7773,78.7896,7.09,90,100,5.3
247,Inhambane,MZ,2021-12-11 20:56:06,-23.865,35.3833,77.49,89,54,10.22
248,Fare,PF,2021-12-11 20:56:07,-16.7,-151.0167,80.91,72,7,11.3
249,Road Town,VG,2021-12-11 20:54:46,18.4167,-64.6167,82.44,74,40,18.41
250,Namibe,AO,2021-12-11 20:54:18,-15.1961,12.1522,71.44,76,72,5.19
251,Saint-Joseph,RE,2021-12-11 20:56:07,-21.3667,55.6167,77.36,80,85,8.14
252,Ola,RU,2021-12-11 20:56:07,59.5833,151.2833,12.72,83,100,11.97
253,Meulaboh,ID,2021-12-11 20:56:08,4.1363,96.1285,76.12,92,83,4.29
254,Rock Sound,BS,2021-12-11 20:56:08,24.9,-76.2,78.66,69,10,16.13
255,Lorengau,PG,2021-12-11 20:56:08,-2.0226,147.2712,81.75,84,100,16.17
256,Tabou,CI,2021-12-11 20:56:09,4.423,-7.3528,80.26,81,95,8.97
257,Sabirabad,AZ,2021-12-11 20:56:09,40.0095,48.4752,41.99,77,96,7.29
258,Dubna,RU,2021-12-11 20:56:09,56.7333,37.1667,11.86,89,96,6.87
259,Hasaki,JP,2021-12-11 20:56:10,35.7333,140.8333,39.6,64,57,9.06
260,Zorritos,PE,2021-12-11 20:56:10,-3.6805,-80.6782,77.29,83,100,6.91
261,Bubaque,GW,2021-12-11 20:56:10,11.2833,-15.8333,81.72,73,65,11.05
262,Solnechnyy,RU,2021-12-11 20:56:10,50.7214,136.6319,14.2,95,100,3.27
263,Camocim,BR,2021-12-11 20:56:11,-2.9022,-40.8411,82.74,71,6,18.28
264,Khandyga,RU,2021-12-11 20:56:11,62.6667,135.6,-34.08,100,86,2.51
265,Port-Gentil,GA,2021-12-11 20:56:11,-0.7193,8.7815,77.27,92,100,14.41
266,Makow Mazowiecki,PL,2021-12-11 20:56:12,52.8649,21.1005,35.85,88,100,5.28
267,Sungaipenuh,ID,2021-12-11 20:56:12,-2.0833,101.3833,64.13,97,100,2.42
268,Gejiu,CN,2021-12-11 20:56:12,23.306,103.1635,46.99,95,96,3.94
269,Half Moon Bay,US,2021-12-11 20:56:13,37.4636,-122.4286,61.11,64,1,5.75
270,Saint-Augustin,CA,2021-12-11 20:56:13,51.226,-58.6502,24.51,56,80,6.62
271,La Ronge,CA,2021-12-11 20:56:13,55.1001,-105.2842,16.05,86,90,6.91
272,Hervey Bay,AU,2021-12-11 20:56:14,-25.2986,152.8535,79.03,67,5,17.78
273,Shingu,JP,2021-12-11 20:56:14,33.7333,135.9833,50.61,79,27,5.84
274,Capitao Poco,BR,2021-12-11 20:56:14,-1.7464,-47.0594,80.87,74,69,5.3
275,Miguel Hidalgo,MX,2021-12-11 20:57:15,19.4225,-99.2028,72.59,24,59,4.0
276,Kodiak,US,2021-12-11 20:57:15,57.79,-152.4072,17.28,72,0,30.24
277,Jieshi,CN,2021-12-11 20:57:15,22.8134,115.8257,63.43,85,0,10.56
278,Cookeville,US,2021-12-11 20:54:50,36.1628,-85.5016,51.78,77,75,4.0
279,Yenagoa,NG,2021-12-11 20:57:16,4.9247,6.2642,79.16,82,67,4.32
280,Omsukchan,RU,2021-12-11 20:57:16,62.5333,155.8,-22.49,100,59,1.9
281,Petropavlovsk-Kamchatskiy,RU,2021-12-11 20:57:16,53.0452,158.6483,27.19,80,75,6.71
282,Sambava,MG,2021-12-11 20:54:19,-14.2667,50.1667,73.18,79,2,8.79
283,Pacific Grove,US,2021-12-11 20:57:17,36.6177,-121.9166,61.57,60,32,4.0
284,Poum,NC,2021-12-11 20:57:17,-20.2333,164.0167,81.93,78,100,15.17
285,Victoria,HK,2021-12-11 20:57:17,22.2855,114.1577,68.32,87,0,1.99
286,Camacha,PT,2021-12-11 20:57:18,33.0833,-16.3333,61.56,82,40,8.05
287,Atemar,RU,2021-12-11 20:57:18,54.181,45.4091,16.84,74,7,8.7
288,Russell,US,2021-12-11 20:57:18,32.3502,-85.1999,79.88,88,75,5.75
289,Dondo,MZ,2021-12-11 20:57:19,-19.6094,34.7431,81.91,89,11,6.87
290,Geraldton,AU,2021-12-11 20:57:19,-28.7667,114.6,64.81,72,90,10.36
291,Norman Wells,CA,2021-12-11 20:57:19,65.282,-126.8329,-2.16,71,90,14.97
292,San Vicente,AR,2021-12-11 20:57:20,-26.6167,-54.1333,79.48,44,99,0.72
293,Patan,NP,2021-12-11 20:57:20,27.6667,85.3333,45.43,70,0,2.15
294,Broome,US,2021-12-11 20:57:20,42.2506,-75.833,59.2,77,90,4.0
295,Longyan,CN,2021-12-11 20:57:20,25.1072,117.0225,55.35,93,8,3.33
296,Faya,SA,2021-12-11 20:57:21,18.3851,42.4509,50.52,41,1,4.23
297,Bengkulu,ID,2021-12-11 20:57:21,-3.8004,102.2655,74.98,93,99,5.26
298,Ancud,CL,2021-12-11 20:57:22,-41.8697,-73.8203,54.93,80,49,20.02
299,Cabra,ES,2021-12-11 20:57:22,37.4725,-4.4421,60.24,77,55,6.73
300,Fuerte Olimpo,PY,2021-12-11 20:54:41,-21.0415,-57.8738,97.25,26,94,9.28
301,Sayyan,YE,2021-12-11 20:57:22,15.1718,44.3244,43.81,54,0,4.81
302,Lompoc,US,2021-12-11 20:57:23,34.6391,-120.4579,66.69,52,1,5.01
303,Iqaluit,CA,2021-12-11 20:57:23,63.7506,-68.5145,-11.31,69,20,5.01
304,Mindelo,CV,2021-12-11 20:57:23,16.8901,-24.9804,72.95,68,40,23.02
305,Palana,RU,2021-12-11 20:57:24,59.1167,159.9667,3.18,94,97,9.44
306,Manzhouli,CN,2021-12-11 20:57:24,49.6,117.4333,0.7,90,10,14.54
307,Grindavik,IS,2021-12-11 20:57:24,63.8424,-22.4338,43.27,87,75,20.71
308,Waipawa,NZ,2021-12-11 20:57:25,-41.4122,175.5153,52.43,94,100,9.44
309,Matara,LK,2021-12-11 20:57:25,5.9485,80.5353,76.23,87,93,9.33
310,Neuquen,AR,2021-12-11 20:55:58,-38.9516,-68.0591,78.69,21,9,14.97
311,Xam Nua,LA,2021-12-11 20:57:25,20.4197,104.0439,58.28,97,100,1.9
312,Bethel,US,2021-12-11 20:57:26,41.3712,-73.414,59.32,92,100,4.0
313,Berlevag,NO,2021-12-11 20:57:26,70.8578,29.0864,27.97,80,56,15.05
314,Puerto Baquerizo Moreno,EC,2021-12-11 20:57:26,-0.9,-89.6,72.59,78,75,14.97
315,Nuristan,AF,2021-12-11 20:57:26,35.3,70.8333,15.51,36,17,6.78
316,Ban Nahin,LA,2021-12-11 20:57:27,18.2418,104.2122,60.24,95,2,4.41
317,Souillac,MU,2021-12-11 20:57:27,-20.5167,57.5167,79.18,78,40,10.36
318,Ayame,CI,2021-12-11 20:57:27,5.6083,-3.1563,77.59,84,45,3.38
319,Kolkwitz,DE,2021-12-11 20:57:28,51.75,14.25,28.99,93,23,1.01
320,Sao Miguel Do Araguaia,BR,2021-12-11 20:58:28,-13.275,-50.1628,79.63,83,100,3.71
321,Nacala,MZ,2021-12-11 20:58:28,-14.5428,40.6728,80.64,72,56,10.85
322,Thunder Bay,CA,2021-12-11 20:58:29,48.4001,-89.3168,31.28,60,20,12.66
323,Narsaq,GL,2021-12-11 20:58:29,60.9167,-46.05,14.72,85,100,2.68
324,Srednekolymsk,RU,2021-12-11 20:58:29,67.45,153.6833,-49.38,100,81,1.59
325,Guamuchil,MX,2021-12-11 20:58:29,25.4667,-108.1,81.75,33,98,6.4
326,Salalah,OM,2021-12-11 20:58:30,17.0151,54.0924,72.73,43,0,10.07
327,Rio Grande,BR,2021-12-11 20:56:42,-32.035,-52.0986,77.11,67,8,11.79
328,Pirovskoye,RU,2021-12-11 20:58:30,57.6267,92.2658,19.8,90,100,9.8
329,Fazalpur,PK,2021-12-11 20:58:30,32.1833,75.0667,55.24,32,100,2.68
330,Uva,RU,2021-12-11 20:58:31,56.9908,52.1852,4.46,98,7,2.13
331,Burnie,AU,2021-12-11 20:58:31,-41.0667,145.9167,56.95,54,2,13.62
332,Ketchikan,US,2021-12-11 20:54:24,55.3422,-131.6461,33.94,77,100,6.4
333,San Miguel,SV,2021-12-11 20:58:31,13.4833,-88.1833,92.12,33,24,3.51
334,Cooma,AU,2021-12-11 20:58:32,-36.2333,149.1333,47.97,93,46,5.75
335,Baglung,NP,2021-12-11 20:58:32,28.2719,83.5898,48.87,52,1,5.5
336,Mutsu,JP,2021-12-11 20:58:32,41.2894,141.2169,48.0,74,91,9.35
337,Wad Madani,SD,2021-12-11 20:58:33,14.4012,33.5199,80.82,28,0,10.78
338,Hazorasp,UZ,2021-12-11 20:58:33,41.3194,61.0742,46.24,75,58,9.37
339,Yamethin,MM,2021-12-11 20:58:33,20.4333,96.15,67.62,81,0,2.62
340,Great Falls,US,2021-12-11 20:58:34,47.5002,-111.3008,45.59,33,100,21.99
341,Muyezerskiy,RU,2021-12-11 20:58:34,63.9333,31.65,20.52,94,100,6.73
342,Caravelas,BR,2021-12-11 20:58:34,-17.7125,-39.2481,76.32,86,23,5.91
343,Chapais,CA,2021-12-11 20:58:34,49.7834,-74.8492,22.78,92,100,16.4
344,Marrakesh,MA,2021-12-11 20:57:30,31.6315,-8.0083,57.27,58,0,3.44
345,Jeremie,HT,2021-12-11 20:58:35,18.65,-74.1167,80.06,75,31,2.19
346,Jalu,LY,2021-12-11 20:58:35,29.0331,21.5482,58.32,51,100,7.67
347,Santa Luzia,BR,2021-12-11 20:58:36,-19.7697,-43.8514,91.54,41,40,2.3
348,Payo,ID,2021-12-11 20:58:36,-3.7508,103.6372,71.62,99,100,1.66
349,Alakurtti,RU,2021-12-11 20:58:36,66.9672,30.3491,22.62,99,99,2.55
350,Cockburn Town,TC,2021-12-11 20:58:36,21.4612,-71.1419,82.36,65,40,17.27
351,Teguldet,RU,2021-12-11 20:58:37,57.3064,88.1667,16.92,91,100,8.16
352,Salinopolis,BR,2021-12-11 20:58:37,-0.6136,-47.3561,82.17,77,43,11.81
353,Ust-Shonosha,RU,2021-12-11 20:58:37,61.1531,41.343,10.54,86,100,7.0
354,Lumsden,CA,2021-12-11 20:58:38,50.6501,-104.8678,36.68,74,2,13.24
355,Awjilah,LY,2021-12-11 20:58:38,29.1081,21.2869,58.84,50,100,8.52
356,Alta Floresta,BR,2021-12-11 20:58:38,-9.8756,-56.0861,85.82,70,40,1.14
357,Karratha,AU,2021-12-11 20:58:39,-20.7377,116.8463,90.66,25,45,17.92
358,Kununurra,AU,2021-12-11 20:57:45,-15.7667,128.7333,80.58,83,95,1.14
359,Jennings,US,2021-12-11 20:58:39,38.7192,-90.2604,48.15,48,2,3.0
360,Naters,CH,2021-12-11 20:58:39,46.3254,7.9891,32.58,93,89,5.5
361,Adre,TD,2021-12-11 20:58:40,13.4667,22.2,71.64,20,1,10.63
362,Makakilo City,US,2021-12-11 20:58:40,21.3469,-158.0858,78.28,75,95,20.09
363,Itarema,BR,2021-12-11 20:58:40,-2.9248,-39.9167,81.21,75,3,15.59
364,Port Lincoln,AU,2021-12-11 20:58:40,-34.7333,135.8667,67.55,63,11,9.44
365,Namatanai,PG,2021-12-11 20:58:41,-3.6667,152.4333,81.36,83,98,10.36
366,Boguchar,RU,2021-12-11 20:58:41,49.9358,40.545,27.55,83,100,7.34
367,Turayf,SA,2021-12-11 20:58:41,31.6725,38.6637,52.05,62,0,13.8
368,Evensk,RU,2021-12-11 20:58:42,61.95,159.2333,-9.51,70,26,10.25
369,San Lawrenz,MT,2021-12-11 20:59:42,36.0553,14.204,55.85,70,90,7.0
370,Wageningen,NL,2021-12-11 20:59:42,51.9667,5.6667,41.95,95,90,6.91
371,Longyearbyen,SJ,2021-12-11 20:59:43,78.2186,15.6401,30.04,59,75,14.97
372,Mikkeli,FI,2021-12-11 20:59:43,61.6886,27.2723,23.14,100,90,6.91
373,Laguna,US,2021-12-11 20:59:43,38.421,-121.4238,59.22,58,75,1.99
374,Samarinda,ID,2021-12-11 20:59:44,-0.5,117.15,73.76,98,100,1.48
375,Yerofey Pavlovich,RU,2021-12-11 20:59:44,53.9667,121.9667,-2.69,92,100,3.36
376,Moroni,KM,2021-12-11 20:59:44,-11.7022,43.2551,78.76,77,92,3.78
377,Nemuro,JP,2021-12-11 20:59:45,43.3236,145.575,41.4,75,10,12.46
378,Port Blair,IN,2021-12-11 20:59:45,11.6667,92.75,79.47,76,16,11.25
379,Lasa,IT,2021-12-11 20:59:45,46.6166,10.7002,25.54,93,51,8.81
380,Chiang Khong,TH,2021-12-11 20:59:46,20.2613,100.4046,64.72,94,0,1.72
381,Rawson,AR,2021-12-11 20:59:46,-43.3002,-65.1023,77.29,36,75,31.07
382,Tiarei,PF,2021-12-11 20:59:46,-17.5333,-149.3333,86.02,75,73,8.7
383,Ewa Beach,US,2021-12-11 20:59:47,21.3156,-158.0072,80.02,74,96,21.54
384,Cuiluan,CN,2021-12-11 20:59:47,47.72,128.648,17.87,95,100,4.5
385,Palmeiras De Goias,BR,2021-12-11 20:59:47,-16.805,-49.9258,84.22,58,94,1.97
386,Vila Velha,BR,2021-12-11 20:59:30,-20.3297,-40.2925,80.55,85,20,10.0
387,Shakawe,BW,2021-12-11 20:59:48,-18.3667,21.85,74.48,61,98,8.32
388,Gat,IL,2021-12-11 20:59:48,31.61,34.7642,67.41,42,68,2.57
389,Ust-Kulom,RU,2021-12-11 20:59:48,61.6864,53.6902,0.36,95,22,4.9
390,Lubango,AO,2021-12-11 20:59:49,-14.9172,13.4925,64.65,75,91,2.68
391,Trzebnica,PL,2021-12-11 20:58:56,51.3108,17.0633,29.5,99,35,4.52
392,Am Timan,TD,2021-12-11 20:59:49,11.0297,20.2827,79.05,21,36,6.08
393,Ukiah,US,2021-12-11 20:59:49,39.1502,-123.2078,52.83,69,100,4.05
394,West Wendover,US,2021-12-11 20:59:50,40.7391,-114.0733,27.82,53,99,3.49
395,Bangassou,CF,2021-12-11 20:59:50,4.7413,22.8184,80.35,38,100,1.05
396,Vardo,NO,2021-12-11 20:59:50,70.3705,31.1107,28.72,81,53,14.76
397,Salacgriva,LV,2021-12-11 20:59:51,57.7536,24.3581,35.91,99,100,3.94
398,Mporokoso,ZM,2021-12-11 20:59:51,-9.3727,30.125,70.5,43,89,4.74
399,Diego De Almagro,CL,2021-12-11 20:59:51,-26.3667,-70.05,73.99,16,0,11.65
400,Loreto,MX,2021-12-11 20:59:52,22.2667,-101.9667,72.18,17,81,0.51
401,Santa Cruz,BO,2021-12-11 20:55:13,-17.8,-63.1667,86.05,66,75,13.8
402,Asau,RO,2021-12-11 20:59:52,46.4333,26.4,42.4,86,100,4.27
403,Kahului,US,2021-12-11 20:59:52,20.8947,-156.47,78.96,95,32,12.21
404,Torbay,CA,2021-12-11 20:59:53,47.6666,-52.7314,35.76,94,90,10.36
405,Chipinge,ZW,2021-12-11 20:59:53,-20.1883,32.6236,66.16,70,69,6.06
406,Harrisonburg,US,2021-12-11 20:57:14,38.4496,-78.8689,66.43,75,90,18.41
407,Chake Chake,TZ,2021-12-11 20:59:53,-5.2459,39.7666,77.54,83,92,9.04
408,Mango,US,2021-12-11 20:59:54,27.9797,-82.3065,86.25,74,1,8.05
409,Porto Novo,BJ,2021-12-11 20:59:54,6.4965,2.6036,84.02,78,76,7.11
410,Havre,FR,2021-12-11 20:59:54,49.5833,0.3333,46.8,93,90,11.5
411,Qui Nhon,VN,2021-12-11 20:59:55,13.7667,109.2333,71.1,91,100,10.4
412,Novocheboksarsk,RU,2021-12-11 20:59:55,56.111,47.4776,3.76,85,0,4.47
413,Douglas,US,2021-12-11 20:55:32,41.3,-96.167,43.14,59,1,5.99
414,Jacareacanga,BR,2021-12-11 20:59:56,-6.2222,-57.7528,77.2,94,100,2.93
415,Pinega,RU,2021-12-11 21:00:56,64.7001,43.3936,12.22,84,74,10.07
416,Saint George,US,2021-12-11 20:57:04,37.1041,-113.5841,52.27,31,11,1.99
417,Nsanje,MW,2021-12-11 21:00:56,-16.92,35.262,82.26,54,51,6.53
418,Pointe Michel,DM,2021-12-11 21:00:57,15.25,-61.3833,80.33,73,70,11.39
419,Honiara,SB,2021-12-11 21:00:57,-9.4333,159.95,81.79,84,99,4.32
420,Lancaster,US,2021-12-11 20:57:49,40.2504,-76.2499,65.98,82,100,8.99
421,Ixtapa,MX,2021-12-11 21:00:57,20.7,-105.2,88.47,31,100,5.35
422,Balkanabat,TM,2021-12-11 21:00:58,39.5108,54.3671,49.53,74,0,2.17
423,Bethanien,NA,2021-12-11 21:00:58,-26.502,17.1583,71.22,27,0,8.32
424,Birao,CF,2021-12-11 21:00:59,10.2849,22.7882,74.14,29,14,6.6
425,Guerrero Negro,MX,2021-12-11 21:00:59,27.9769,-114.0611,69.28,43,0,5.5
426,Mahajanga,MG,2021-12-11 21:00:59,-15.7167,46.3167,80.62,78,20,4.61
427,Muzhi,RU,2021-12-11 21:01:00,65.3667,64.6667,18.63,84,100,7.72
428,Deputatskiy,RU,2021-12-11 21:01:00,69.3,139.9,-25.56,100,99,1.83
429,Umm Lajj,SA,2021-12-11 21:01:00,25.0213,37.2685,75.9,52,100,2.28
430,Perth,AU,2021-12-11 20:56:36,-31.9333,115.8333,61.18,81,0,16.11
431,Leshukonskoye,RU,2021-12-11 21:01:01,64.8989,45.7622,12.6,81,80,10.47
432,Lagoa,PT,2021-12-11 21:01:01,39.05,-27.9833,64.44,81,100,30.62
433,Gaoual,GN,2021-12-11 21:01:01,11.75,-13.2,79.23,26,57,3.42
434,Assiniboia,CA,2021-12-11 21:01:01,49.6334,-105.9845,36.3,61,15,25.14
435,Kirkwall,GB,2021-12-11 21:01:02,58.9848,-2.9587,46.45,87,20,9.22
436,Carlos Antonio Lopez,PY,2021-12-11 21:01:02,-26.4,-54.7667,87.26,33,100,4.07
437,Maniitsoq,GL,2021-12-11 21:01:02,65.4167,-52.9,24.85,85,100,20.29
438,Ghanzi,BW,2021-12-11 21:01:03,-21.5667,21.7833,70.27,73,96,7.38
439,Tezu,IN,2021-12-11 21:01:03,27.9167,96.1667,58.53,53,0,4.09
440,Portage,US,2021-12-11 21:01:04,41.1667,-81.1998,43.86,59,90,32.21
441,Bataipora,BR,2021-12-11 21:01:04,-22.2953,-53.2711,95.31,21,60,5.84
442,Azuaga,ES,2021-12-11 21:01:04,38.2667,-5.6833,49.96,83,0,2.37
443,Banamba,ML,2021-12-11 21:01:05,13.55,-7.45,74.95,10,100,7.78
444,Airai,TL,2021-12-11 21:01:05,-8.9266,125.4092,61.63,89,98,0.81
445,Strezhevoy,RU,2021-12-11 21:01:05,60.7333,77.5889,1.38,91,100,13.29
446,Sobolevo,RU,2021-12-11 21:01:06,54.4299,31.8996,28.51,97,100,12.08
447,Yingkou,CN,2021-12-11 21:01:06,40.6648,122.2283,26.64,41,0,13.33
448,A Coruna,ES,2021-12-11 21:01:07,43.3713,-8.396,56.93,87,90,1.01
449,Keti Bandar,PK,2021-12-11 21:01:07,24.1447,67.4497,69.73,42,27,7.43
450,Gasa,PS,2021-12-11 20:59:30,31.5,34.4667,62.91,49,78,3.71
451,Aksarka,RU,2021-12-11 21:01:07,66.5606,67.7975,-4.49,99,96,4.12
452,Riohacha,CO,2021-12-11 20:59:15,11.5444,-72.9072,84.31,70,75,13.8
453,Panzhihua,CN,2021-12-11 21:01:08,26.5851,101.7128,49.69,89,2,3.53
454,Alice Springs,AU,2021-12-11 21:00:19,-23.7,133.8833,60.35,63,0,0.0
455,Hamilton,US,2021-12-11 21:01:08,39.1834,-84.5333,41.09,70,7,4.0
456,Omboue,GA,2021-12-11 21:01:08,-1.5746,9.2618,75.27,97,100,3.91
457,Volosovo,RU,2021-12-11 21:01:09,59.4333,29.4833,25.36,92,100,10.6
458,Kavieng,PG,2021-12-11 21:01:09,-2.5744,150.7967,82.74,80,98,8.66
459,Dunnville,CA,2021-12-11 21:01:09,42.9001,-79.6163,49.05,72,30,39.77
460,Kavaratti,IN,2021-12-11 21:01:10,10.5669,72.642,80.94,72,7,8.01
461,Urucara,BR,2021-12-11 21:01:10,-2.5364,-57.76,81.27,84,100,2.59
462,Port Shepstone,ZA,2021-12-11 21:01:10,-30.7414,30.455,74.1,88,100,5.79
463,Vila Franca Do Campo,PT,2021-12-11 21:02:11,37.7167,-25.4333,66.2,86,21,14.16
464,Svetlaya,RU,2021-12-11 21:02:11,46.5389,138.3297,26.17,78,57,5.1
465,Williamsburg,US,2021-12-11 20:58:01,37.2707,-76.7075,74.95,82,1,3.0
466,Xining,CN,2021-12-11 21:02:12,36.6167,101.7667,16.45,85,87,2.35
467,Dubti,ET,2021-12-11 21:02:12,11.7361,41.0853,74.62,54,0,11.95
468,Ilulissat,GL,2021-12-11 21:02:12,69.2167,-51.1,15.82,67,100,4.61
469,Olinda,BR,2021-12-11 21:02:13,-8.0089,-34.8553,82.13,69,40,9.22
470,Sena Madureira,BR,2021-12-11 21:02:13,-9.0656,-68.6569,81.21,87,92,3.89
471,Flinders,AU,2021-12-11 21:02:13,-34.5833,150.8552,62.2,83,42,11.14
472,Ulladulla,AU,2021-12-11 21:02:14,-35.35,150.4667,60.87,71,11,8.37
473,San Francisco,US,2021-12-11 20:57:55,37.7749,-122.4194,60.67,55,100,1.99
474,Zavitinsk,RU,2021-12-11 21:02:14,50.1167,129.45,9.18,96,100,5.86
475,Goderich,CA,2021-12-11 21:02:14,43.7501,-81.7165,41.92,79,95,39.75
476,Tara,RU,2021-12-11 21:02:15,56.8944,74.371,-2.0,99,51,5.5
477,Knyaze-Volkonskoye,RU,2021-12-11 21:02:15,48.4642,135.4567,14.34,96,100,0.54
478,Madang,PG,2021-12-11 21:02:15,-5.2246,145.7966,76.64,91,97,6.15
479,Martapura,ID,2021-12-11 21:02:16,-3.4167,114.85,77.09,94,90,3.44
480,Aleksandrov Gay,RU,2021-12-11 21:02:16,50.147,48.5704,23.27,70,4,10.94
481,Dingle,PH,2021-12-11 21:02:16,10.9995,122.6711,75.24,94,40,8.16
482,Wangqing,CN,2021-12-11 21:02:16,43.3218,129.7634,20.61,70,66,10.94
483,Kimbe,PG,2021-12-11 21:02:17,-5.5502,150.1429,77.81,94,99,1.99
484,Anjiang,CN,2021-12-11 21:02:17,27.3194,110.1031,47.91,95,100,4.43
485,Sterling,US,2021-12-11 21:02:17,39.0062,-77.4286,69.94,80,90,1.99
486,Jining,CN,2021-12-11 21:02:18,35.405,116.5814,46.42,62,100,10.89
487,Takestan,IR,2021-12-11 21:02:18,36.0696,49.6959,42.87,40,0,4.7
488,Murray Bridge,AU,2021-12-11 21:02:18,-35.1167,139.2667,75.49,41,2,7.83
489,Houma,US,2021-12-11 21:02:19,29.5958,-90.7195,70.0,76,75,12.66
490,Borovoy,RU,2021-12-11 21:02:19,55.4333,86.0833,18.68,62,0,6.71
491,Kailua,US,2021-12-11 21:02:19,21.4022,-157.7394,80.15,71,40,18.41
492,Rassvet,RU,2021-12-11 21:02:20,46.8333,40.75,33.13,98,54,31.32
493,Ca Mau,VN,2021-12-11 21:02:20,9.1769,105.15,72.46,84,63,2.1
494,Kalmunai,LK,2021-12-11 21:02:20,7.4167,81.8167,79.48,79,24,8.57
495,Kuybyshevo,RU,2021-12-11 21:02:21,47.8123,38.9073,33.76,84,91,10.71
496,Baherden,TM,2021-12-11 21:02:21,38.4362,57.4316,49.82,70,0,3.02
497,Mildura,AU,2021-12-11 21:02:21,-34.2,142.15,66.07,55,5,4.63
498,Luena,AO,2021-12-11 21:02:21,-11.7833,19.9167,62.96,96,100,2.91
499,Oranjemund,NA,2021-12-11 21:02:22,-28.55,16.4333,62.08,85,0,6.89
500,Ustye,RU,2021-12-11 21:02:22,59.6304,39.736,7.39,91,98,7.63
501,Sehithwa,BW,2021-12-11 21:02:22,-20.4667,22.7167,70.97,79,100,9.06
502,Tirlyanskiy,RU,2021-12-11 21:02:23,54.2109,58.5806,7.47,90,5,3.8
503,Nivala,FI,2021-12-11 21:02:23,63.9167,24.9667,28.18,94,100,7.58
504,Nuuk,GL,2021-12-11 21:02:23,64.1835,-51.7216,25.41,86,90,6.91
505,Ilek,RU,2021-12-11 21:02:24,51.5271,53.3831,16.72,79,1,9.42
506,Nioro,GM,2021-12-11 21:02:24,13.35,-15.75,78.08,48,100,6.73
507,Miri,MY,2021-12-11 21:02:24,4.4148,114.0089,76.24,92,100,4.52
508,Tulskiy,RU,2021-12-11 21:02:24,44.5094,40.1762,45.32,59,75,4.09
509,Hirara,JP,2021-12-11 21:02:25,24.8,125.2833,72.45,64,4,12.3
510,Bouna,CI,2021-12-11 21:03:25,9.2667,-3.0,80.35,17,9,3.36
511,Ambulu,ID,2021-12-11 21:03:25,-8.345,113.6058,77.99,85,100,3.15
512,Santa Maria,BR,2021-12-11 21:02:36,-29.6842,-53.8069,87.13,33,26,6.38
513,Mosquera,CO,2021-12-11 21:03:26,4.7059,-74.2302,62.69,67,75,10.36
514,Illapel,CL,2021-12-11 21:01:14,-31.6308,-71.1653,70.9,55,1,9.46
515,Magaria,NE,2021-12-11 21:03:26,12.9983,8.9099,73.62,15,1,10.2
516,Bonavista,CA,2021-12-11 21:03:26,48.6499,-53.1147,32.11,85,79,13.89
517,Nago,JP,2021-12-11 21:03:27,26.5881,127.9761,62.67,58,9,6.58
518,Labytnangi,RU,2021-12-11 21:03:27,66.6572,66.4183,9.48,88,95,6.17
519,Buchanan,LR,2021-12-11 21:03:27,5.8808,-10.0467,76.96,79,94,9.17
520,Conceicao Do Araguaia,BR,2021-12-11 21:03:28,-8.2578,-49.2647,79.34,85,97,4.47
521,Pemangkat,ID,2021-12-11 21:03:28,1.1667,108.9667,77.29,89,80,6.64
522,Boguchany,RU,2021-12-11 21:03:28,58.3814,97.4531,20.88,95,100,6.85
523,Mount Isa,AU,2021-12-11 21:00:40,-20.7333,139.5,74.97,25,0,0.0
524,Newport,GB,2021-12-11 21:03:05,51.5877,-2.9984,55.17,92,100,13.56
525,Talnakh,RU,2021-12-11 21:03:29,69.4865,88.3972,-25.74,81,81,1.43
526,Baft,IR,2021-12-11 21:03:29,29.234,56.6057,43.27,24,32,3.89
527,Bac Lieu,VN,2021-12-11 21:03:29,9.285,105.7244,74.52,88,41,2.33
528,Paredon,MX,2021-12-11 21:03:30,16.0333,-93.8667,84.79,64,4,7.87
529,Maridi,SS,2021-12-11 21:03:30,4.9158,29.4742,79.27,32,21,5.39
530,Itoman,JP,2021-12-11 21:03:30,26.1247,127.6694,62.62,77,20,3.44
531,Komsomolskiy,UZ,2021-12-11 21:03:31,40.4272,71.7189,33.22,29,11,0.65
532,Malpur,IN,2021-12-11 21:03:31,23.35,73.45,62.8,43,0,8.55
533,Mishkino,RU,2021-12-11 21:03:31,55.3389,63.9175,7.21,92,5,6.46
534,Khomutovo,RU,2021-12-11 21:03:32,52.4658,104.4025,2.01,97,74,3.44
535,Maine-Soroa,NE,2021-12-11 21:03:32,13.2114,12.0241,72.81,14,31,9.75
536,Yelkhovka,RU,2021-12-11 21:03:32,53.8667,50.2832,12.96,87,10,5.95
537,Turochak,RU,2021-12-11 21:03:33,52.2576,87.1224,4.3,96,100,2.84
538,San Juan De Uraba,CO,2021-12-11 21:00:17,8.7592,-76.5297,83.43,74,58,7.72
539,Sokna,NO,2021-12-11 21:03:33,60.24,9.9235,32.85,93,97,1.3
540,Talas,TR,2021-12-11 21:03:33,38.6908,35.5538,30.87,100,43,1.14
541,Oranjestad,AW,2021-12-11 21:02:55,12.524,-70.027,81.91,75,100,8.99
542,Saquena,PE,2021-12-11 21:03:34,-4.6667,-73.5167,80.69,92,98,4.41
543,Grand Gaube,MU,2021-12-11 21:03:34,-20.0064,57.6608,79.38,70,85,8.99
544,Charleston,US,2021-12-11 21:00:04,32.7766,-79.9309,81.21,73,1,5.99
545,Manama,BH,2021-12-11 21:00:03,26.2154,50.5832,67.98,56,0,12.66
546,Sitka,US,2021-12-11 21:03:35,57.0531,-135.33,31.89,80,75,5.75
547,Togur,RU,2021-12-11 21:03:35,58.3631,82.8265,-1.32,99,97,5.48
548,Ribeira Brava,PT,2021-12-11 21:03:35,32.65,-17.0667,65.03,77,56,6.51
549,Raduzhnyy,RU,2021-12-11 21:03:36,62.0961,77.475,2.5,94,100,12.12
550,Kieta,PG,2021-12-11 21:03:36,-6.2167,155.6333,83.03,73,97,2.53
551,Filingue,NE,2021-12-11 21:03:36,14.3521,3.3168,79.43,13,4,7.23
552,Bani,DO,2021-12-11 21:03:36,18.2833,-70.3333,82.85,60,37,15.9
553,San Ramon,US,2021-12-11 21:02:56,37.7799,-121.978,59.31,42,1,1.99
554,Mitsamiouli,KM,2021-12-11 21:03:37,-11.3847,43.2844,79.88,79,100,10.65
555,Morant Bay,JM,2021-12-11 21:03:37,17.8815,-76.4093,82.65,69,0,7.83
556,Burgeo,CA,2021-12-11 21:03:38,47.6167,-57.6152,36.79,86,100,2.66
557,Cabedelo,BR,2021-12-11 21:02:00,-6.9811,-34.8339,80.69,70,12,12.55
558,Scalea,IT,2021-12-11 21:03:38,39.813,15.7956,43.34,70,89,5.53
559,Visby,SE,2021-12-11 21:04:38,57.6409,18.296,34.02,93,75,6.91
560,Kurchum,KZ,2021-12-11 21:04:39,48.5722,83.6542,-5.85,83,11,2.57
561,Bosaso,SO,2021-12-11 21:03:23,11.2842,49.1816,76.46,74,2,5.01
562,Khash,IR,2021-12-11 21:04:39,28.2211,61.2158,46.56,26,65,3.33
563,Benguela,AO,2021-12-11 21:00:33,-12.5763,13.4055,79.9,79,74,4.76
564,Amuntai,ID,2021-12-11 21:04:39,-2.4177,115.2494,73.33,99,96,2.71
565,Vanderhoof,CA,2021-12-11 21:04:40,54.0166,-124.0198,31.64,60,100,4.65
566,Piranhas,BR,2021-12-11 21:04:40,-16.4269,-51.8222,81.72,75,92,5.41
567,Hrubieszow,PL,2021-12-11 21:04:40,50.805,23.8925,32.77,95,100,3.22
568,Tyubuk,RU,2021-12-11 21:04:41,56.0552,60.9405,9.46,88,7,5.23
569,Touros,BR,2021-12-11 21:04:41,-5.1989,-35.4608,81.5,71,11,15.37
570,Hay River,CA,2021-12-11 21:04:41,60.8156,-115.7999,6.76,78,90,4.61
571,Manta,EC,2021-12-11 21:04:42,-0.95,-80.7333,78.58,73,90,9.22
572,Akoupe,CI,2021-12-11 21:04:42,6.39,-3.9003,77.86,75,87,3.76
573,Praia Da Vitoria,PT,2021-12-11 21:04:42,38.7333,-27.0667,65.75,90,99,27.36
